Duration_ms,PacketCount,PktCount,PktSum,PktMean,PktMin,PktMax,PktStd,IATCount,IATSum_ms,IATMean_ms,IATMin_ms,IATMax_ms,IATStd_ms,label
6.409,6,6,792,132.0,54,510,169.104,5,6.409,1.282,0.04,6.04,2.38,1
110157.872,19,19,8362,440.105,60,1494,578.03,18,110157.872,6119.882,0.126,109274.795,25018.853,1
0.0,1,1,74,74.0,74,74,0.0,0,0.0,0.0,0.0,0.0,0.0,0
351.955,4,4,970,242.5,54,796,319.601,3,351.955,117.318,62.371,144.993,38.854,1
0.0,1,1,171,171.0,171,171,0.0,0,0.0,0.0,0.0,0.0,0.0,1
0.0,1,1,159,159.0,159,159,0.0,0,0.0,0.0,0.0,0.0,0.0,0
64543.692,3,3,174,58.0,54,66,5.657,2,64543.692,32271.846,0.051,64543.641,32271.795,1
99.262,5,5,878,175.6,54,645,234.741,4,99.262,24.816,0.003,97.791,42.136,1
1123.624,7,7,2427,346.714,60,1514,512.407,6,1123.624,187.271,0.197,978.98,357.865,1
0.0,1,1,157,157.0,157,157,0.0,0,0.0,0.0,0.0,0.0,0.0,1
0.0,1,1,91,91.0,91,91,0.0,0,0.0,0.0,0.0,0.0,0.0,0
0.0,1,1,74,74.0,74,74,0.0,0,0.0,0.0,0.0,0.0,0.0,0
0.0,1,1,92,92.0,92,92,0.0,0,0.0,0.0,0.0,0.0,0.0,1
33.587,53,53,73059,1378.472,54,1514,420.108,52,33.587,0.646,0.001,9.131,2.0,1
8306.422,307,307,49347,160.739,93,1292,229.033,306,8306.422,27.145,0.001,2731.623,161.698,0
69957.211,5,5,2461,492.2,54,1514,581.138,4,69957.211,17489.303,0.003,69946.255,30286.036,1
0.0,1,1,62,62.0,62,62,0.0,0,0.0,0.0,0.0,0.0,0.0,0
0.0,1,1,105,105.0,105,105,0.0,0,0.0,0.0,0.0,0.0,0.0,0
2186.935,6,6,2340,390.0,60,1474,525.933,5,2186.935,437.387,0.169,1740.305,659.549,1
4004.133,5,5,390,78.0,78,78,0.0,4,4004.133,1001.033,1000.893,1001.31,0.167,0
0.0,1,1,150,150.0,150,150,0.0,0,0.0,0.0,0.0,0.0,0.0,1
0.0,1,1,77,77.0,77,77,0.0,0,0.0,0.0,0.0,0.0,0.0,1
109984.237,15,15,18084,1205.6,54,1514,559.744,14,109984.237,7856.017,0.001,109898.433,28301.477,1
2.587,4,4,228,57.0,54,66,5.196,3,2.587,0.862,0.066,2.005,0.829,1
0.0,1,1,368,368.0,368,368,0.0,0,0.0,0.0,0.0,0.0,0.0,0
0.0,1,1,81,81.0,81,81,0.0,0,0.0,0.0,0.0,0.0,0.0,0
743.115,15,15,1055,70.333,60,209,37.09,14,743.115,53.08,0.261,251.45,69.157,1
83702.906,7,7,660,94.286,60,294,81.559,6,83702.906,13950.484,0.261,60871.065,22571.208,1
0.0,1,1,62,62.0,62,62,0.0,0,0.0,0.0,0.0,0.0,0.0,0
0.0,1,1,90,90.0,90,90,0.0,0,0.0,0.0,0.0,0.0,0.0,0
0.0,1,1,124,124.0,124,124,0.0,0,0.0,0.0,0.0,0.0,0.0,0
60158.617,11,11,2678,243.455,54,572,248.38,10,60158.617,6015.862,0.007,59994.748,17992.981,1
12.666,9,9,2544,282.667,60,1474,458.774,8,12.666,1.583,0.143,5.696,2.198,1
0.0,1,1,88,88.0,88,88,0.0,0,0.0,0.0,0.0,0.0,0.0,0
156.128,12,12,4304,358.667,93,1292,448.332,11,156.128,14.193,0.025,63.391,22.268,0
0.0,1,1,97,97.0,97,97,0.0,0,0.0,0.0,0.0,0.0,0.0,0
0.0,1,1,75,75.0,75,75,0.0,0,0.0,0.0,0.0,0.0,0.0,0
0.0,1,1,62,62.0,62,62,0.0,0,0.0,0.0,0.0,0.0,0.0,0
0.0,1,1,138,138.0,138,138,0.0,0,0.0,0.0,0.0,0.0,0.0,1
0.0,1,1,79,79.0,79,79,0.0,0,0.0,0.0,0.0,0.0,0.0,1
267.888,16,16,10114,632.125,93,1292,581.879,15,267.888,17.859,0.001,122.04,39.293,0
0.0,1,1,337,337.0,337,337,0.0,0,0.0,0.0,0.0,0.0,0.0,0
0.0,1,1,102,102.0,102,102,0.0,0,0.0,0.0,0.0,0.0,0.0,0
5701.683,53,53,67293,1269.679,54,1514,501.909,52,5701.683,109.648,0.001,4115.69,579.439,1
915.19,11,11,4830,439.091,86,1354,495.444,10,915.19,91.519,0.011,312.062,139.184,0
0.0,1,1,78,78.0,78,78,0.0,0,0.0,0.0,0.0,0.0,0.0,0
4002.375,5,5,390,78.0,78,78,0.0,4,4002.375,1000.594,1000.314,1000.841,0.223,0
945.639,8,8,2100,262.5,86,1287,392.819,7,945.639,135.091,0.0,334.641,156.248,0
150317.716,13,13,7196,553.538,54,1514,612.21,12,150317.716,12526.476,0.002,150252.964,41526.1,1
136.107,17,17,8805,517.941,85,1292,524.554,16,136.107,8.507,0.0,85.816,20.643,0
0.0,1,1,126,126.0,126,126,0.0,0,0.0,0.0,0.0,0.0,0.0,1
125033.851,14,14,8235,588.214,54,1514,658.422,13,125033.851,9617.989,0.001,124935.431,33289.287,1
914.487,11,11,4758,432.545,86,1354,490.52,10,914.487,91.449,0.005,305.763,139.47,0
15.878,5,5,1081,216.2,54,853,318.434,4,15.878,3.97,0.06,11.023,4.183,1
0.0,1,1,76,76.0,76,76,0.0,0,0.0,0.0,0.0,0.0,0.0,1
0.0,1,1,86,86.0,86,86,0.0,0,0.0,0.0,0.0,0.0,0.0,1
240.398,30,30,29539,984.633,84,1292,493.591,29,240.398,8.29,0.0,72.493,18.373,0
0.0,1,1,77,77.0,77,77,0.0,0,0.0,0.0,0.0,0.0,0.0,1
0.0,1,1,113,113.0,113,113,0.0,0,0.0,0.0,0.0,0.0,0.0,0
45.546,46,46,3443,74.848,60,427,65.414,45,45.546,1.012,0.024,9.996,2.415,1
0.0,1,1,90,90.0,90,90,0.0,0,0.0,0.0,0.0,0.0,0.0,0
0.0,1,1,138,138.0,138,138,0.0,0,0.0,0.0,0.0,0.0,0.0,1
0.0,1,1,113,113.0,113,113,0.0,0,0.0,0.0,0.0,0.0,0.0,0
8996.779,3,3,198,66.0,66,66,0.0,2,8996.779,4498.39,2996.757,6000.022,1501.632,1
122.87,14,14,7924,566.0,83,1292,550.257,13,122.87,9.452,0.0,54.963,16.935,0
258.463,14,14,5979,427.071,93,1292,483.398,13,258.463,19.882,0.002,74.104,22.371,0
3199.405,17,17,4934,290.235,54,1354,424.763,16,3199.405,199.963,0.005,2058.473,494.341,0
0.0,1,1,93,93.0,93,93,0.0,0,0.0,0.0,0.0,0.0,0.0,0
109996.857,7,7,5626,803.714,54,1514,675.402,6,109996.857,18332.809,0.001,109991.424,40990.979,1
109938.416,11,11,5077,461.545,54,1514,552.471,10,109938.416,10993.842,0.004,60653.433,20094.737,1
0.0,1,1,220,220.0,220,220,0.0,0,0.0,0.0,0.0,0.0,0.0,1
433.652,12,12,5007,417.25,93,1292,459.017,11,433.652,39.423,0.023,113.468,36.582,0
0.0,1,1,81,81.0,81,81,0.0,0,0.0,0.0,0.0,0.0,0.0,0
0.0,1,1,79,79.0,79,79,0.0,0,0.0,0.0,0.0,0.0,0.0,1
0.0,1,1,283,283.0,283,283,0.0,0,0.0,0.0,0.0,0.0,0.0,1
0.0,1,1,80,80.0,80,80,0.0,0,0.0,0.0,0.0,0.0,0.0,0
125.359,2,2,120,60.0,54,66,6.0,1,125.359,125.359,125.359,125.359,0.0,1
0.0,1,1,96,96.0,96,96,0.0,0,0.0,0.0,0.0,0.0,0.0,0
304.97,3,3,3876,1292.0,1292,1292,0.0,2,304.97,152.485,0.003,304.967,152.482,0
0.0,1,1,138,138.0,138,138,0.0,0,0.0,0.0,0.0,0.0,0.0,1
0.0,1,1,66,66.0,66,66,0.0,0,0.0,0.0,0.0,0.0,0.0,0
0.0,1,1,75,75.0,75,75,0.0,0,0.0,0.0,0.0,0.0,0.0,0
128539.969,181,181,242562,1340.122,54,1514,421.837,180,128539.969,714.111,0.001,126961.01,9436.442,1
0.0,1,1,183,183.0,183,183,0.0,0,0.0,0.0,0.0,0.0,0.0,0
0.0,1,1,138,138.0,138,138,0.0,0,0.0,0.0,0.0,0.0,0.0,1
0.0,1,1,95,95.0,95,95,0.0,0,0.0,0.0,0.0,0.0,0.0,0
150328.365,15,15,1762,117.467,60,597,139.731,14,150328.365,10737.74,0.116,150242.307,38691.606,1
98.545,5,5,743,148.6,54,515,183.259,4,98.545,24.636,0.129,93.062,39.519,1
0.0,1,1,157,157.0,157,157,0.0,0,0.0,0.0,0.0,0.0,0.0,0
0.0,1,1,74,74.0,74,74,0.0,0,0.0,0.0,0.0,0.0,0.0,1
0.0,1,1,86,86.0,86,86,0.0,0,0.0,0.0,0.0,0.0,0.0,1
0.0,1,1,357,357.0,357,357,0.0,0,0.0,0.0,0.0,0.0,0.0,0
0.0,1,1,74,74.0,74,74,0.0,0,0.0,0.0,0.0,0.0,0.0,0
619.997,19,19,24214,1274.421,54,1514,528.314,18,619.997,34.444,0.001,183.082,54.938,1
0.0,1,1,77,77.0,77,77,0.0,0,0.0,0.0,0.0,0.0,0.0,1
96.479,5,5,452,90.4,60,206,57.847,4,96.479,24.12,0.21,94.41,40.586,1
8284.637,2213,2213,2703553,1221.669,84,1292,257.328,2212,8284.637,3.745,0.0,2890.062,64.064,0
463.06,5,5,445,89.0,60,199,55.049,4,463.06,115.765,0.502,176.705,67.961,1
0.0,1,1,94,94.0,94,94,0.0,0,0.0,0.0,0.0,0.0,0.0,0
0.0,1,1,71,71.0,71,71,0.0,0,0.0,0.0,0.0,0.0,0.0,0
97.762,7,7,2409,344.143,60,1490,505.058,6,97.762,16.294,0.085,95.61,35.474,1
0.0,1,1,95,95.0,95,95,0.0,0,0.0,0.0,0.0,0.0,0.0,1
96.593,5,5,743,148.6,54,515,183.259,4,96.593,24.148,0.082,92.347,39.383,1
0.0,1,1,99,99.0,99,99,0.0,0,0.0,0.0,0.0,0.0,0.0,0
0.0,1,1,85,85.0,85,85,0.0,0,0.0,0.0,0.0,0.0,0.0,1
0.0,1,1,92,92.0,92,92,0.0,0,0.0,0.0,0.0,0.0,0.0,1
150.561,5,5,798,159.6,54,570,205.253,4,150.561,37.64,0.066,145.139,62.101,1
16.534,5,5,1085,217.0,54,857,320.034,4,16.534,4.133,0.146,10.991,4.095,1
0.0,1,1,66,66.0,66,66,0.0,0,0.0,0.0,0.0,0.0,0.0,1
5711.651,44,44,3818,86.773,60,325,69.098,43,5711.651,132.829,0.035,4058.07,622.919,1
571.832,16,16,1115,69.688,60,209,36.0,15,571.832,38.122,0.222,200.054,64.96,1
4003.929,5,5,390,78.0,78,78,0.0,4,4003.929,1000.982,1000.668,1001.341,0.241,0
0.0,1,1,82,82.0,82,82,0.0,0,0.0,0.0,0.0,0.0,0.0,1
619.943,7,7,5234,747.714,86,1294,574.804,6,619.943,103.324,0.001,311.602,145.037,0
0.0,1,1,72,72.0,72,72,0.0,0,0.0,0.0,0.0,0.0,0.0,1
0.0,1,1,106,106.0,106,106,0.0,0,0.0,0.0,0.0,0.0,0.0,0
4004.407,5,5,390,78.0,78,78,0.0,4,4004.407,1001.102,997.627,1004.315,2.369,0
915.786,12,12,4673,389.417,86,1354,469.554,11,915.786,83.253,0.007,312.338,135.235,0
0.0,1,1,171,171.0,171,171,0.0,0,0.0,0.0,0.0,0.0,0.0,1
0.0,1,1,166,166.0,166,166,0.0,0,0.0,0.0,0.0,0.0,0.0,1
98.529,5,5,450,90.0,60,204,57.047,4,98.529,24.632,0.465,95.459,40.896,1
73233.167,4,4,246,61.5,60,66,2.598,3,73233.167,24411.056,9.315,73212.01,34507.486,1
0.0,1,1,154,154.0,154,154,0.0,0,0.0,0.0,0.0,0.0,0.0,0
0.0,1,1,148,148.0,148,148,0.0,0,0.0,0.0,0.0,0.0,0.0,1
0.0,1,1,193,193.0,193,193,0.0,0,0.0,0.0,0.0,0.0,0.0,0
1581.218,182,182,12251,67.313,60,373,41.321,181,1581.218,8.736,0.024,910.454,74.916,1
2685.833,85,85,25733,302.741,93,1292,352.61,84,2685.833,31.974,0.003,1032.73,113.125,0
0.0,1,1,79,79.0,79,79,0.0,0,0.0,0.0,0.0,0.0,0.0,0
3029.995,3,3,198,66.0,66,66,0.0,2,3029.995,1514.997,1015.569,2014.426,499.428,1
0.0,1,1,75,75.0,75,75,0.0,0,0.0,0.0,0.0,0.0,0.0,0
40327.224,15,15,1225,81.667,60,259,55.973,14,40327.224,2880.516,0.028,20295.938,7038.902,1
124.776,2,2,120,60.0,54,66,6.0,1,124.776,124.776,124.776,124.776,0.0,1
1310.662,25,25,8444,337.76,94,1292,440.778,24,1310.662,54.611,0.003,311.843,111.124,0
0.0,1,1,74,74.0,74,74,0.0,0,0.0,0.0,0.0,0.0,0.0,0
0.0,1,1,123,123.0,123,123,0.0,0,0.0,0.0,0.0,0.0,0.0,0
0.0,1,1,66,66.0,66,66,0.0,0,0.0,0.0,0.0,0.0,0.0,0
980.842,6,6,761,126.833,54,479,157.555,5,980.842,196.168,0.125,795.671,304.275,1
0.0,1,1,140,140.0,140,140,0.0,0,0.0,0.0,0.0,0.0,0.0,1
15.059,5,5,1079,215.8,54,851,317.634,4,15.059,3.765,0.118,10.947,4.217,1
4003.732,5,5,390,78.0,78,78,0.0,4,4003.732,1000.933,1000.421,1001.349,0.335,0
0.0,1,1,62,62.0,62,62,0.0,0,0.0,0.0,0.0,0.0,0.0,0
0.0,1,1,157,157.0,157,157,0.0,0,0.0,0.0,0.0,0.0,0.0,0
10841.892,92,92,86908,944.652,83,1292,518.409,91,10841.892,119.142,0.0,7122.609,762.236,0
0.0,1,1,104,104.0,104,104,0.0,0,0.0,0.0,0.0,0.0,0.0,1
264.925,5,5,751,150.2,54,523,186.458,4,264.925,66.231,0.022,184.599,75.785,1
2922.464,14,14,2935,209.643,66,1354,325.905,13,2922.464,224.805,0.001,2039.853,537.159,0
5477.466,3,3,282,94.0,91,96,2.16,2,5477.466,2738.733,1772.568,3704.898,966.165,0
0.0,1,1,85,85.0,85,85,0.0,0,0.0,0.0,0.0,0.0,0.0,1
139.377,8,8,2530,316.25,86,1354,422.414,7,139.377,19.911,0.018,72.176,30.614,0
0.0,1,1,150,150.0,150,150,0.0,0,0.0,0.0,0.0,0.0,0.0,0
0.0,1,1,82,82.0,82,82,0.0,0,0.0,0.0,0.0,0.0,0.0,1
12349.11,9,9,1119,124.333,60,376,119.579,8,12349.11,1543.639,0.114,7278.912,2719.855,1
0.0,1,1,80,80.0,80,80,0.0,0,0.0,0.0,0.0,0.0,0.0,0
0.0,1,1,54,54.0,54,54,0.0,0,0.0,0.0,0.0,0.0,0.0,0
0.0,1,1,75,75.0,75,75,0.0,0,0.0,0.0,0.0,0.0,0.0,0
0.0,1,1,124,124.0,124,124,0.0,0,0.0,0.0,0.0,0.0,0.0,0
788.994,16,16,5950,371.875,66,1354,452.588,15,788.994,52.6,0.0,249.511,67.736,0
41.146,53,53,73059,1378.472,54,1514,420.108,52,41.146,0.791,0.001,11.19,2.476,1
0.0,1,1,159,159.0,159,159,0.0,0,0.0,0.0,0.0,0.0,0.0,0
0.0,1,1,186,186.0,186,186,0.0,0,0.0,0.0,0.0,0.0,0.0,0
321.158,2,2,132,66.0,54,78,12.0,1,321.158,321.158,321.158,321.158,0.0,0
0.0,1,1,208,208.0,208,208,0.0,0,0.0,0.0,0.0,0.0,0.0,1
0.0,1,1,88,88.0,88,88,0.0,0,0.0,0.0,0.0,0.0,0.0,0
0.0,1,1,86,86.0,86,86,0.0,0,0.0,0.0,0.0,0.0,0.0,0
0.0,1,1,74,74.0,74,74,0.0,0,0.0,0.0,0.0,0.0,0.0,1
989.599,5,5,793,158.6,54,565,203.253,4,989.599,247.4,0.162,551.71,203.97,1
303.903,22,22,7800,354.545,93,1292,461.916,21,303.903,14.472,0.002,103.395,23.85,0
50.255,46,46,3443,74.848,60,427,65.414,45,50.255,1.117,0.024,11.196,2.778,1
12.553,5,5,451,90.2,60,205,57.447,4,12.553,3.138,0.367,10.171,4.086,1
1002.299,11,11,4822,438.364,86,1354,495.248,10,1002.299,100.23,0.009,348.056,152.224,0
430.523,19,19,24062,1266.421,54,1514,528.563,18,430.523,23.918,0.001,174.22,50.743,1
97.576,5,5,743,148.6,54,515,183.259,4,97.576,24.394,0.077,92.786,39.497,1
0.0,1,1,83,83.0,83,83,0.0,0,0.0,0.0,0.0,0.0,0.0,1
0.0,1,1,104,104.0,104,104,0.0,0,0.0,0.0,0.0,0.0,0.0,0
0.0,1,1,81,81.0,81,81,0.0,0,0.0,0.0,0.0,0.0,0.0,1
0.0,1,1,115,115.0,115,115,0.0,0,0.0,0.0,0.0,0.0,0.0,0
3114.99,14,14,3743,267.357,66,1354,372.978,13,3114.99,239.615,0.076,2933.175,777.804,0
0.0,1,1,91,91.0,91,91,0.0,0,0.0,0.0,0.0,0.0,0.0,0
60022.031,4,4,578,144.5,54,404,149.902,3,60022.031,20007.344,0.671,60016.944,28291.06,1
338.49,4,4,970,242.5,54,796,319.601,3,338.49,112.83,49.278,144.832,44.938,1
12314.793,6,6,683,113.833,60,377,117.712,5,12314.793,2462.959,0.136,7278.396,3092.478,1
0.0,1,1,329,329.0,329,329,0.0,0,0.0,0.0,0.0,0.0,0.0,0
64552.115,4,4,246,61.5,60,66,2.598,3,64552.115,21517.372,8.453,64535.01,30418.064,1
0.0,1,1,151,151.0,151,151,0.0,0,0.0,0.0,0.0,0.0,0.0,0
9014.329,3,3,198,66.0,66,66,0.0,2,9014.329,4507.164,2998.757,6015.572,1508.408,1
0.0,1,1,107,107.0,107,107,0.0,0,0.0,0.0,0.0,0.0,0.0,0
215.55,14,14,8638,617.0,86,1292,504.882,13,215.55,16.581,0.0,61.43,22.313,0
1796.45,5,5,793,158.6,54,565,203.253,4,1796.45,449.113,0.342,1113.654,431.587,1
0.0,1,1,151,151.0,151,151,0.0,0,0.0,0.0,0.0,0.0,0.0,0
0.0,1,1,112,112.0,112,112,0.0,0,0.0,0.0,0.0,0.0,0.0,1
2988.805,7,7,658,94.0,74,109,17.321,6,2988.805,498.134,0.032,2630.372,962.176,0
11.519,5,5,455,91.0,60,209,59.046,4,11.519,2.88,0.17,5.811,2.708,1
110003.57,13,13,1870,143.846,60,747,188.026,12,110003.57,9166.964,0.185,109876.545,30365.083,1
5396.016,4,4,508,127.0,87,141,23.098,3,5396.016,1798.672,0.001,3603.089,1470.96,0
0.0,1,1,166,166.0,166,166,0.0,0,0.0,0.0,0.0,0.0,0.0,1
0.0,1,1,124,124.0,124,124,0.0,0,0.0,0.0,0.0,0.0,0.0,0
0.0,1,1,76,76.0,76,76,0.0,0,0.0,0.0,0.0,0.0,0.0,1
344.665,2,2,132,66.0,54,78,12.0,1,344.665,344.665,344.665,344.665,0.0,0
0.0,1,1,241,241.0,241,241,0.0,0,0.0,0.0,0.0,0.0,0.0,1
2147.486,5,5,447,89.4,60,201,55.848,4,2147.486,536.871,0.36,1773.332,718.537,1
63880.383,5,5,1851,370.2,54,1514,573.361,4,63880.383,15970.096,0.01,63831.333,27632.704,1
571.5,26,26,33987,1307.192,54,1514,490.917,25,571.5,22.86,0.001,166.069,46.72,1
0.0,1,1,66,66.0,66,66,0.0,0,0.0,0.0,0.0,0.0,0.0,0
0.0,1,1,85,85.0,85,85,0.0,0,0.0,0.0,0.0,0.0,0.0,1
0.0,1,1,181,181.0,181,181,0.0,0,0.0,0.0,0.0,0.0,0.0,1
0.0,1,1,79,79.0,79,79,0.0,0,0.0,0.0,0.0,0.0,0.0,1
11.104,5,5,455,91.0,60,209,59.046,4,11.104,2.776,0.162,5.656,2.601,1
304.563,2,2,132,66.0,54,78,12.0,1,304.563,304.563,304.563,304.563,0.0,0
465.662,14,14,8619,615.643,86,1292,550.797,13,465.662,35.82,0.0,135.603,48.665,0
0.0,1,1,165,165.0,165,165,0.0,0,0.0,0.0,0.0,0.0,0.0,0
80013.498,16,16,1557,97.312,60,344,82.077,15,80013.498,5334.233,0.101,61222.934,15616.418,1
77701.875,3,3,174,58.0,54,66,5.657,2,77701.875,38850.938,0.01,77701.865,38850.927,1
11.885,5,5,455,91.0,60,209,59.046,4,11.885,2.971,0.371,5.813,2.59,1
12348.662,6,6,681,113.5,60,375,116.967,5,12348.662,2469.732,8.635,7278.859,3089.944,1
0.0,1,1,122,122.0,122,122,0.0,0,0.0,0.0,0.0,0.0,0.0,0
0.0,1,1,111,111.0,111,111,0.0,0,0.0,0.0,0.0,0.0,0.0,0
0.0,1,1,80,80.0,80,80,0.0,0,0.0,0.0,0.0,0.0,0.0,1
0.0,1,1,115,115.0,115,115,0.0,0,0.0,0.0,0.0,0.0,0.0,1
0.0,1,1,90,90.0,90,90,0.0,0,0.0,0.0,0.0,0.0,0.0,0
0.0,1,1,114,114.0,114,114,0.0,0,0.0,0.0,0.0,0.0,0.0,1
5043.515,24,24,32517,1354.875,54,1514,430.626,23,5043.515,219.283,0.001,5023.16,1024.194,1
0.0,1,1,74,74.0,74,74,0.0,0,0.0,0.0,0.0,0.0,0.0,0
0.0,1,1,132,132.0,132,132,0.0,0,0.0,0.0,0.0,0.0,0.0,0
914.776,10,10,6693,669.3,86,1294,584.625,9,914.776,101.642,0.0,314.381,143.19,0
102.716,6,6,510,85.0,60,204,53.263,5,102.716,20.543,0.282,100.083,39.773,1
0.0,1,1,154,154.0,154,154,0.0,0,0.0,0.0,0.0,0.0,0.0,0
80407.372,25,25,25550,1022.0,54,1514,649.197,24,80407.372,3350.307,0.001,61351.763,12660.351,1
781.8,10,10,3352,335.2,66,1354,448.893,9,781.8,86.867,0.016,322.084,129.098,0
0.0,1,1,76,76.0,76,76,0.0,0,0.0,0.0,0.0,0.0,0.0,1
0.0,1,1,160,160.0,160,160,0.0,0,0.0,0.0,0.0,0.0,0.0,0
0.0,1,1,75,75.0,75,75,0.0,0,0.0,0.0,0.0,0.0,0.0,0
0.0,1,1,79,79.0,79,79,0.0,0,0.0,0.0,0.0,0.0,0.0,0
96.316,6,6,886,147.667,54,604,204.126,5,96.316,19.263,0.052,88.5,34.664,1
328.849,13,13,8946,688.154,93,1292,564.344,12,328.849,27.404,0.001,119.446,45.351,0
430.361,12,12,875,72.917,60,209,41.064,11,430.361,39.124,0.214,181.632,64.852,1
0.0,1,1,84,84.0,84,84,0.0,0,0.0,0.0,0.0,0.0,0.0,1
0.0,1,1,138,138.0,138,138,0.0,0,0.0,0.0,0.0,0.0,0.0,1
0.0,1,1,95,95.0,95,95,0.0,0,0.0,0.0,0.0,0.0,0.0,0
10.896,5,5,455,91.0,60,209,59.046,4,10.896,2.724,0.071,5.306,2.576,1
0.0,1,1,72,72.0,72,72,0.0,0,0.0,0.0,0.0,0.0,0.0,1
60026.409,6,6,642,107.0,60,336,102.435,5,60026.409,12005.282,0.302,59967.369,23981.05,1
0.0,1,1,87,87.0,87,87,0.0,0,0.0,0.0,0.0,0.0,0.0,0
0.0,1,1,96,96.0,96,96,0.0,0,0.0,0.0,0.0,0.0,0.0,0
0.0,1,1,80,80.0,80,80,0.0,0,0.0,0.0,0.0,0.0,0.0,0
0.0,1,1,103,103.0,103,103,0.0,0,0.0,0.0,0.0,0.0,0.0,0
0.0,1,1,140,140.0,140,140,0.0,0,0.0,0.0,0.0,0.0,0.0,1
0.0,1,1,54,54.0,54,54,0.0,0,0.0,0.0,0.0,0.0,0.0,0
318.189,2,2,132,66.0,66,66,0.0,1,318.189,318.189,318.189,318.189,0.0,0
0.0,1,1,95,95.0,95,95,0.0,0,0.0,0.0,0.0,0.0,0.0,0
100.649,6,6,510,85.0,60,204,53.263,5,100.649,20.13,0.226,98.121,38.998,1
0.0,1,1,160,160.0,160,160,0.0,0,0.0,0.0,0.0,0.0,0.0,0
69959.035,6,6,521,86.833,60,215,57.36,5,69959.035,13991.807,0.073,69944.301,27976.247,1
0.0,1,1,101,101.0,101,101,0.0,0,0.0,0.0,0.0,0.0,0.0,0
0.0,1,1,85,85.0,85,85,0.0,0,0.0,0.0,0.0,0.0,0.0,1
0.0,1,1,96,96.0,96,96,0.0,0,0.0,0.0,0.0,0.0,0.0,0
241.811,13,13,6138,472.154,93,1292,537.596,12,241.811,20.151,0.035,109.438,29.802,0
0.0,1,1,77,77.0,77,77,0.0,0,0.0,0.0,0.0,0.0,0.0,1
29.378,2,2,148,74.0,74,74,0.0,1,29.378,29.378,29.378,29.378,0.0,1
926.382,12,12,6872,572.667,86,1294,575.629,11,926.382,84.217,0.0,307.741,133.475,0
80477.975,27,27,2167,80.259,60,294,58.714,26,80477.975,3095.307,0.026,61350.536,12191.285,1
159.294,17,17,14616,859.765,90,1292,553.052,16,159.294,9.956,0.0,69.289,18.958,0
0.0,1,1,186,186.0,186,186,0.0,0,0.0,0.0,0.0,0.0,0.0,0
0.0,1,1,158,158.0,158,158,0.0,0,0.0,0.0,0.0,0.0,0.0,0
100.007,5,5,878,175.6,54,645,234.741,4,100.007,25.002,0.009,98.024,42.167,1
9007.471,3,3,198,66.0,66,66,0.0,2,9007.471,4503.735,3007.482,5999.989,1496.254,1
330.384,4,4,970,242.5,54,796,319.601,3,330.384,110.128,30.31,156.053,56.653,1
12313.751,4,4,782,195.5,54,608,238.207,3,12313.751,4104.584,9.433,7287.23,3040.404,1
0.0,1,1,95,95.0,95,95,0.0,0,0.0,0.0,0.0,0.0,0.0,1
0.0,1,1,74,74.0,74,74,0.0,0,0.0,0.0,0.0,0.0,0.0,1
0.0,1,1,125,125.0,125,125,0.0,0,0.0,0.0,0.0,0.0,0.0,1
0.0,1,1,86,86.0,86,86,0.0,0,0.0,0.0,0.0,0.0,0.0,0
2181.552,5,5,785,157.0,54,557,200.054,4,2181.552,545.388,0.008,1915.923,794.052,1
0.0,1,1,74,74.0,74,74,0.0,0,0.0,0.0,0.0,0.0,0.0,0
201.269,2,2,276,138.0,138,138,0.0,1,201.269,201.269,201.269,201.269,0.0,1
621.168,8,8,2603,325.375,86,1354,430.073,7,621.168,88.738,0.012,313.079,139.711,0
15880.618,2,2,194,97.0,97,97,0.0,1,15880.618,15880.618,15880.618,15880.618,0.0,0
0.0,1,1,76,76.0,76,76,0.0,0,0.0,0.0,0.0,0.0,0.0,1
0.0,1,1,79,79.0,79,79,0.0,0,0.0,0.0,0.0,0.0,0.0,1
3030.019,3,3,198,66.0,66,66,0.0,2,3030.019,1515.009,1015.526,2014.493,499.483,1
96.818,5,5,452,90.4,60,206,57.847,4,96.818,24.204,0.073,94.645,40.675,1
9029.185,3,3,198,66.0,66,66,0.0,2,9029.185,4514.592,3013.713,6015.472,1500.88,1
1134.071,6,6,516,86.0,60,210,55.498,5,1134.071,226.814,0.175,511.131,225.184,1
98.567,7,7,2415,345.0,60,1484,504.05,6,98.567,16.428,0.197,95.554,35.39,1
0.0,1,1,244,244.0,244,244,0.0,0,0.0,0.0,0.0,0.0,0.0,1
600064.382,39,39,1998,51.231,42,60,8.997,38,600064.382,15791.168,0.017,125324.05,24571.052,1
0.0,1,1,75,75.0,75,75,0.0,0,0.0,0.0,0.0,0.0,0.0,0
2937.422,12,12,2642,220.167,54,1354,369.5,11,2937.422,267.038,0.019,1858.052,518.211,0
0.0,1,1,109,109.0,109,109,0.0,0,0.0,0.0,0.0,0.0,0.0,1
29.569,2,2,172,86.0,86,86,0.0,1,29.569,29.569,29.569,29.569,0.0,1
16.623,5,5,451,90.2,60,205,57.447,4,16.623,4.156,0.467,13.471,5.425,1
0.0,1,1,83,83.0,83,83,0.0,0,0.0,0.0,0.0,0.0,0.0,1
0.0,1,1,176,176.0,176,176,0.0,0,0.0,0.0,0.0,0.0,0.0,1
0.0,1,1,76,76.0,76,76,0.0,0,0.0,0.0,0.0,0.0,0.0,1
0.0,1,1,138,138.0,138,138,0.0,0,0.0,0.0,0.0,0.0,0.0,1
0.0,1,1,93,93.0,93,93,0.0,0,0.0,0.0,0.0,0.0,0.0,0
0.0,1,1,99,99.0,99,99,0.0,0,0.0,0.0,0.0,0.0,0.0,0
0.0,2,2,156,78.0,66,90,12.0,1,0.0,0.0,0.0,0.0,0.0,0
2203.331,5,5,447,89.4,60,201,55.848,4,2203.331,550.833,0.426,1749.264,698.59,1
40.547,53,53,73059,1378.472,54,1514,420.108,52,40.547,0.78,0.001,10.88,2.447,1
411.219,3,3,174,58.0,54,66,5.657,2,411.219,205.609,0.076,411.143,205.534,0
0.0,1,1,145,145.0,145,145,0.0,0,0.0,0.0,0.0,0.0,0.0,0
0.0,1,1,76,76.0,76,76,0.0,0,0.0,0.0,0.0,0.0,0.0,1
0.0,1,1,74,74.0,74,74,0.0,0,0.0,0.0,0.0,0.0,0.0,0
0.0,1,1,84,84.0,84,84,0.0,0,0.0,0.0,0.0,0.0,0.0,1
97.558,5,5,450,90.0,60,204,57.047,4,97.558,24.39,0.433,94.888,40.706,1
0.0,1,1,144,144.0,144,144,0.0,0,0.0,0.0,0.0,0.0,0.0,0
96.199,5,5,743,148.6,54,515,183.259,4,96.199,24.05,0.12,92.22,39.365,1
0.0,1,1,85,85.0,85,85,0.0,0,0.0,0.0,0.0,0.0,0.0,1
0.0,1,1,368,368.0,368,368,0.0,0,0.0,0.0,0.0,0.0,0.0,0
0.0,1,1,77,77.0,77,77,0.0,0,0.0,0.0,0.0,0.0,0.0,1
0.0,1,1,312,312.0,312,312,0.0,0,0.0,0.0,0.0,0.0,0.0,1
0.0,1,1,116,116.0,116,116,0.0,0,0.0,0.0,0.0,0.0,0.0,0
0.0,1,1,150,150.0,150,150,0.0,0,0.0,0.0,0.0,0.0,0.0,1
0.0,1,1,113,113.0,113,113,0.0,0,0.0,0.0,0.0,0.0,0.0,0
73221.191,3,3,174,58.0,54,66,5.657,2,73221.191,36610.596,0.021,73221.17,36610.575,1
0.0,1,1,154,154.0,154,154,0.0,0,0.0,0.0,0.0,0.0,0.0,0
0.0,1,1,176,176.0,176,176,0.0,0,0.0,0.0,0.0,0.0,0.0,1
0.0,1,1,138,138.0,138,138,0.0,0,0.0,0.0,0.0,0.0,0.0,0
10.868,2,2,352,176.0,176,176,0.0,1,10.868,10.868,10.868,10.868,0.0,1
0.059,2,2,84,42.0,42,42,0.0,1,0.059,0.059,0.059,0.059,0.0,0
233.502,33,33,35679,1081.182,85,1292,420.243,32,233.502,7.297,0.0,65.998,14.215,0
5518.4,4,4,280,70.0,70,70,0.0,3,5518.4,1839.467,1314.613,2693.382,609.077,0
0.0,1,1,75,75.0,75,75,0.0,0,0.0,0.0,0.0,0.0,0.0,0
610.844,7,7,5233,747.571,86,1294,574.72,6,610.844,101.807,0.001,306.554,143.216,0
541.678,55,55,58314,1060.255,83,1292,454.388,54,541.678,10.031,0.0,200.22,32.791,0
882.304,1000,1000,1282931,1282.931,85,1292,96.994,999,882.304,0.883,0.0,155.266,6.155,0
9014.468,3,3,198,66.0,66,66,0.0,2,9014.468,4507.234,3014.357,6000.111,1492.877,1
11.763,5,5,812,162.4,54,584,210.851,4,11.763,2.941,0.013,5.838,2.747,1
4002.602,5,5,390,78.0,78,78,0.0,4,4002.602,1000.65,999.793,1001.176,0.516,0
138.183,8,8,6077,759.625,86,1294,559.95,7,138.183,19.74,0.001,72.211,30.176,0
0.0,1,1,88,88.0,88,88,0.0,0,0.0,0.0,0.0,0.0,0.0,0
96.741,5,5,743,148.6,54,515,183.259,4,96.741,24.185,0.066,92.79,39.617,1
1939.376,6,6,516,86.0,60,210,55.498,5,1939.376,387.875,0.202,1298.606,490.322,1
0.0,1,1,90,90.0,90,90,0.0,0,0.0,0.0,0.0,0.0,0.0,1
2729.797,106,106,36686,346.094,83,1292,428.487,105,2729.797,25.998,0.0,1067.789,104.948,0
931.183,155,155,20495,132.226,93,1292,201.256,154,931.183,6.047,0.003,225.722,19.696,0
77702.157,3,3,186,62.0,60,66,2.828,2,77702.157,38851.079,2.165,77699.992,38848.914,1
340.728,17,17,7314,430.235,86,1292,480.336,16,340.728,21.296,0.0,92.443,32.607,0
0.0,1,1,166,166.0,166,166,0.0,0,0.0,0.0,0.0,0.0,0.0,1
6004.964,8,8,1432,179.0,179,179,0.0,7,6004.964,857.852,0.252,2796.907,1224.014,1
12348.763,4,4,752,188.0,54,578,225.22,3,12348.763,4116.254,35.802,7287.623,3029.527,1
0.0,1,1,116,116.0,116,116,0.0,0,0.0,0.0,0.0,0.0,0.0,0
0.0,1,1,150,150.0,150,150,0.0,0,0.0,0.0,0.0,0.0,0.0,1
97.228,5,5,450,90.0,60,204,57.047,4,97.228,24.307,0.464,94.585,40.578,1
851.276,21,21,2416,115.048,54,396,97.758,20,851.276,42.564,0.037,249.567,70.579,0
0.0,1,1,76,76.0,76,76,0.0,0,0.0,0.0,0.0,0.0,0.0,1
60160.457,10,10,934,93.4,60,142,39.72,9,60160.457,6684.495,0.24,59953.355,18833.395,1
0.0,1,1,62,62.0,62,62,0.0,0,0.0,0.0,0.0,0.0,0.0,0
0.0,1,1,93,93.0,93,93,0.0,0,0.0,0.0,0.0,0.0,0.0,0
0.0,1,1,93,93.0,93,93,0.0,0,0.0,0.0,0.0,0.0,0.0,0
0.0,1,1,150,150.0,150,150,0.0,0,0.0,0.0,0.0,0.0,0.0,1
0.0,1,1,103,103.0,103,103,0.0,0,0.0,0.0,0.0,0.0,0.0,0
10203.577,3,3,242,80.667,78,86,3.771,2,10203.577,5101.788,5077.75,5125.827,24.038,0
0.0,1,1,129,129.0,129,129,0.0,0,0.0,0.0,0.0,0.0,0.0,0
0.0,1,1,97,97.0,97,97,0.0,0,0.0,0.0,0.0,0.0,0.0,0
109939.864,11,11,1362,123.818,60,296,103.014,10,109939.864,10993.986,0.195,60653.503,20085.878,1
83701.897,5,5,1080,216.0,54,852,318.034,4,83701.897,20925.474,0.359,60914.173,24890.979,1
0.0,1,1,107,107.0,107,107,0.0,0,0.0,0.0,0.0,0.0,0.0,0
10.89,5,5,812,162.4,54,584,210.851,4,10.89,2.723,0.007,5.374,2.646,1
0.0,1,1,221,221.0,221,221,0.0,0,0.0,0.0,0.0,0.0,0.0,0
110005.482,12,12,7381,615.083,54,1514,652.012,11,110005.482,10000.498,0.001,109427.504,31441.675,1
1188.497,6,6,516,86.0,60,210,55.498,5,1188.497,237.699,0.312,537.559,237.923,1
0.0,1,1,81,81.0,81,81,0.0,0,0.0,0.0,0.0,0.0,0.0,1
98.077,5,5,878,175.6,54,645,234.741,4,98.077,24.519,0.008,96.413,41.513,1
0.0,1,1,96,96.0,96,96,0.0,0,0.0,0.0,0.0,0.0,0.0,0
98.919,7,7,2409,344.143,60,1484,503.578,6,98.919,16.486,0.194,95.157,35.189,1
364.79,2,2,132,66.0,54,78,12.0,1,364.79,364.79,364.79,364.79,0.0,0
2672.967,11,11,5401,491.0,66,1354,549.043,10,2672.967,267.297,0.001,2127.844,629.053,0
0.0,1,1,97,97.0,97,97,0.0,0,0.0,0.0,0.0,0.0,0.0,0
923.272,7,7,2014,287.714,86,1287,413.841,6,923.272,153.879,0.0,312.468,153.121,0
101.313,6,6,510,85.0,60,204,53.263,5,101.313,20.263,0.072,99.451,39.597,1
0.0,1,1,62,62.0,62,62,0.0,0,0.0,0.0,0.0,0.0,0.0,0
0.0,1,1,77,77.0,77,77,0.0,0,0.0,0.0,0.0,0.0,0.0,1
96.18,7,7,840,120.0,54,499,154.782,6,96.18,16.03,0.003,94.292,35.005,1
0.0,1,1,96,96.0,96,96,0.0,0,0.0,0.0,0.0,0.0,0.0,0
10.755,5,5,812,162.4,54,584,210.851,4,10.755,2.689,0.074,5.264,2.544,1
4005.828,5,5,390,78.0,78,78,0.0,4,4005.828,1001.457,1001.049,1001.896,0.313,0
0.0,1,1,93,93.0,93,93,0.0,0,0.0,0.0,0.0,0.0,0.0,0
0.0,1,1,145,145.0,145,145,0.0,0,0.0,0.0,0.0,0.0,0.0,0
295.422,7,7,2394,342.0,60,1514,510.137,6,295.422,49.237,0.196,149.398,69.148,1
28.824,2,2,154,77.0,77,77,0.0,1,28.824,28.824,28.824,28.824,0.0,1
496.408,5,5,445,89.0,60,199,55.049,4,496.408,124.102,0.221,207.122,75.95,1
0.0,1,1,74,74.0,74,74,0.0,0,0.0,0.0,0.0,0.0,0.0,0
9022.796,3,3,198,66.0,66,66,0.0,2,9022.796,4511.398,3007.309,6015.487,1504.089,1
96.583,6,6,886,147.667,54,604,204.126,5,96.583,19.317,0.083,89.12,34.945,1
9012.661,3,3,198,66.0,66,66,0.0,2,9012.661,4506.331,3012.65,6000.011,1493.68,1
29.157,2,2,148,74.0,74,74,0.0,1,29.157,29.157,29.157,29.157,0.0,1
0.0,1,1,77,77.0,77,77,0.0,0,0.0,0.0,0.0,0.0,0.0,1
4003.825,5,5,390,78.0,78,78,0.0,4,4003.825,1000.956,1000.318,1001.652,0.473,0
944.391,13,13,4783,367.923,86,1354,459.515,12,944.391,78.699,0.006,321.998,132.681,0
9029.653,3,3,198,66.0,66,66,0.0,2,9029.653,4514.827,3013.875,6015.778,1500.951,1
2142.952,5,5,785,157.0,54,557,200.054,4,2142.952,535.738,0.022,1913.771,797.326,1
92189.051,33,33,2201,66.697,60,275,36.837,32,92189.051,2880.908,0.026,68168.093,11897.68,1
64543.551,804,804,1210607,1505.73,54,1514,100.932,803,64543.551,80.378,0.0,59483.543,2103.442,1
50.717,46,46,3443,74.848,60,427,65.414,45,50.717,1.127,0.027,11.537,2.717,1
482.276,5,5,445,89.0,60,199,55.049,4,482.276,120.569,0.477,193.997,72.289,1
0.0,1,1,76,76.0,76,76,0.0,0,0.0,0.0,0.0,0.0,0.0,1
9013.178,3,3,198,66.0,66,66,0.0,2,9013.178,4506.589,3012.967,6000.211,1493.622,1
0.0,1,1,93,93.0,93,93,0.0,0,0.0,0.0,0.0,0.0,0.0,0
3042.974,7,7,635,90.714,74,113,19.3,6,3042.974,507.162,6.145,2571.98,927.953,0
685.034,7,7,2022,288.857,86,1287,413.294,6,685.034,114.172,0.0,339.123,157.813,0
0.0,1,1,110,110.0,110,110,0.0,0,0.0,0.0,0.0,0.0,0.0,0
2.484,5,5,2292,458.4,60,1454,547.745,4,2.484,0.621,0.195,1.49,0.514,1
0.0,1,1,347,347.0,347,347,0.0,0,0.0,0.0,0.0,0.0,0.0,0
61688.444,16,16,1544,96.5,92,110,7.794,15,61688.444,4112.563,737.52,50542.224,12409.618,1
96.575,5,5,450,90.0,60,204,57.047,4,96.575,24.144,0.452,94.231,40.466,1
0.0,1,1,71,71.0,71,71,0.0,0,0.0,0.0,0.0,0.0,0.0,0
0.0,1,1,138,138.0,138,138,0.0,0,0.0,0.0,0.0,0.0,0.0,0
97.525,5,5,452,90.4,60,206,57.847,4,97.525,24.381,0.175,95.203,40.895,1
0.0,1,1,74,74.0,74,74,0.0,0,0.0,0.0,0.0,0.0,0.0,0
1774.634,6,6,516,86.0,60,210,55.498,5,1774.634,354.927,0.173,1122.082,426.289,1
0.0,1,1,77,77.0,77,77,0.0,0,0.0,0.0,0.0,0.0,0.0,1
0.0,1,1,87,87.0,87,87,0.0,0,0.0,0.0,0.0,0.0,0.0,0
0.0,1,1,385,385.0,385,385,0.0,0,0.0,0.0,0.0,0.0,0.0,0
0.0,1,1,96,96.0,96,96,0.0,0,0.0,0.0,0.0,0.0,0.0,0
0.0,1,1,75,75.0,75,75,0.0,0,0.0,0.0,0.0,0.0,0.0,0
12349.065,6,6,2633,438.833,54,1514,515.77,5,12349.065,2469.813,0.007,7287.565,3094.165,1
1631.661,5,5,793,158.6,54,565,203.253,4,1631.661,407.915,0.158,938.597,366.717,1
1228.847,10,10,5858,585.8,66,1354,543.731,9,1228.847,136.539,0.001,448.549,167.795,0
99.04,2,2,280,140.0,140,140,0.0,1,99.04,99.04,99.04,99.04,0.0,1
40316.896,12,12,6639,553.25,54,1514,637.207,11,40316.896,3665.172,0.004,20306.341,7760.359,1
618.714,34,34,8006,235.471,92,1292,347.501,33,618.714,18.749,0.002,110.563,32.979,0
125.902,5,5,2304,460.8,60,1514,566.901,4,125.902,31.476,0.203,124.369,53.633,1
0.0,1,1,164,164.0,164,164,0.0,0,0.0,0.0,0.0,0.0,0.0,1
10.446,5,5,812,162.4,54,584,210.851,4,10.446,2.611,0.004,5.266,2.582,1
0.0,1,1,87,87.0,87,87,0.0,0,0.0,0.0,0.0,0.0,0.0,0
15.941,5,5,451,90.2,60,205,57.447,4,15.941,3.985,0.236,13.127,5.331,1
3075.611,11,11,1607,146.091,66,433,119.009,10,3075.611,307.561,0.001,2932.593,875.243,0
95.627,6,6,886,147.667,54,604,204.126,5,95.627,19.125,0.023,86.902,33.954,1
98.284,7,7,2409,344.143,60,1484,503.578,6,98.284,16.381,0.196,94.483,34.936,1
0.0,1,1,102,102.0,102,102,0.0,0,0.0,0.0,0.0,0.0,0.0,0
0.0,1,1,166,166.0,166,166,0.0,0,0.0,0.0,0.0,0.0,0.0,1
96.44,5,5,743,148.6,54,515,183.259,4,96.44,24.11,0.092,92.648,39.577,1
966.309,12,12,4673,389.417,86,1354,469.554,11,966.309,87.846,0.017,322.599,133.241,0
0.0,1,1,90,90.0,90,90,0.0,0,0.0,0.0,0.0,0.0,0.0,1
64113.327,29,29,31187,1075.414,54,1514,600.748,28,64113.327,2289.762,0.001,63811.323,11839.913,1
0.0,1,1,138,138.0,138,138,0.0,0,0.0,0.0,0.0,0.0,0.0,1
98.989,14,14,1316,94.0,60,265,63.564,13,98.989,7.615,0.026,86.726,22.864,1
0.0,1,1,224,224.0,224,224,0.0,0,0.0,0.0,0.0,0.0,0.0,0
320.167,4,4,970,242.5,54,796,319.601,3,320.167,106.722,33.365,143.444,51.871,1
0.0,1,1,62,62.0,62,62,0.0,0,0.0,0.0,0.0,0.0,0.0,0
0.0,1,1,116,116.0,116,116,0.0,0,0.0,0.0,0.0,0.0,0.0,0
0.0,1,1,81,81.0,81,81,0.0,0,0.0,0.0,0.0,0.0,0.0,0
0.0,1,1,111,111.0,111,111,0.0,0,0.0,0.0,0.0,0.0,0.0,1
607.144,7,7,2453,350.429,86,1354,443.952,6,607.144,101.191,0.015,303.857,142.811,0
1274.375,27,27,10714,396.815,83,1292,492.487,26,1274.375,49.014,0.0,309.796,107.689,0
0.0,1,1,71,71.0,71,71,0.0,0,0.0,0.0,0.0,0.0,0.0,0
0.0,1,1,75,75.0,75,75,0.0,0,0.0,0.0,0.0,0.0,0.0,0
0.0,1,1,77,77.0,77,77,0.0,0,0.0,0.0,0.0,0.0,0.0,1
157046.849,4,4,706,176.5,166,204,15.898,3,157046.849,52348.95,5345.736,137145.867,60078.236,1
124.929,5,5,2304,460.8,60,1514,566.901,4,124.929,31.232,0.142,123.773,53.429,1
0.001,2,2,2588,1294.0,1294,1294,0.0,1,0.001,0.001,0.001,0.001,0.0,0
0.0,1,1,155,155.0,155,155,0.0,0,0.0,0.0,0.0,0.0,0.0,1
0.0,1,1,136,136.0,136,136,0.0,0,0.0,0.0,0.0,0.0,0.0,0
79943.332,14,14,8573,612.357,54,1514,642.785,13,79943.332,6149.487,0.003,61222.524,16631.391,1
96.343,5,5,452,90.4,60,206,57.847,4,96.343,24.086,0.159,94.043,40.393,1
0.0,1,1,327,327.0,327,327,0.0,0,0.0,0.0,0.0,0.0,0.0,0
0.0,1,1,76,76.0,76,76,0.0,0,0.0,0.0,0.0,0.0,0.0,1
304.958,17,17,1989,117.0,60,691,153.099,16,304.958,19.06,0.024,235.345,57.351,1
40.971,2,2,280,140.0,140,140,0.0,1,40.971,40.971,40.971,40.971,0.0,1
97.164,5,5,743,148.6,54,515,183.259,4,97.164,24.291,0.057,92.423,39.347,1
97.642,5,5,743,148.6,54,515,183.259,4,97.642,24.41,0.037,93.108,39.673,1
474.351,5,5,445,89.0,60,199,55.049,4,474.351,118.588,0.225,174.327,69.188,1
0.0,1,1,100,100.0,100,100,0.0,0,0.0,0.0,0.0,0.0,0.0,0
10941.069,79,79,18705,236.772,93,1292,331.873,78,10941.069,140.27,0.015,7150.646,820.365,0
0.0,1,1,93,93.0,93,93,0.0,0,0.0,0.0,0.0,0.0,0.0,0
12.538,5,5,1085,217.0,54,857,320.034,4,12.538,3.135,0.154,8.438,3.151,1
0.0,1,1,74,74.0,74,74,0.0,0,0.0,0.0,0.0,0.0,0.0,0
0.0,1,1,100,100.0,100,100,0.0,0,0.0,0.0,0.0,0.0,0.0,1
976.972,11,11,6778,616.182,86,1294,582.021,10,976.972,97.697,0.001,322.923,138.037,0
0.0,1,1,86,86.0,86,86,0.0,0,0.0,0.0,0.0,0.0,0.0,1
15.123,5,5,451,90.2,60,205,57.447,4,15.123,3.781,0.189,12.91,5.312,1
0.0,1,1,79,79.0,79,79,0.0,0,0.0,0.0,0.0,0.0,0.0,0
110000.833,7,7,665,95.0,60,299,83.308,6,110000.833,18333.472,0.187,109987.048,40988.725,1
0.0,1,1,128,128.0,128,128,0.0,0,0.0,0.0,0.0,0.0,0.0,0
51.298,5,5,633,126.6,60,387,130.221,4,51.298,12.825,0.135,48.738,20.751,1
0.0,1,1,62,62.0,62,62,0.0,0,0.0,0.0,0.0,0.0,0.0,0
5072.062,2,2,164,82.0,78,86,4.0,1,5072.062,5072.062,5072.062,5072.062,0.0,0
0.0,1,1,116,116.0,116,116,0.0,0,0.0,0.0,0.0,0.0,0.0,0
0.0,1,1,165,165.0,165,165,0.0,0,0.0,0.0,0.0,0.0,0.0,0
1044.143,5,5,793,158.6,54,565,203.253,4,1044.143,261.036,0.477,545.763,206.689,1
64543.632,809,809,50167,62.011,60,359,11.047,808,64543.632,79.881,0.025,59474.891,2096.195,1
0.0,1,1,176,176.0,176,176,0.0,0,0.0,0.0,0.0,0.0,0.0,1
276.484,20,20,6876,343.8,93,1292,474.501,19,276.484,14.552,0.002,125.079,29.726,0
